SET SQL_MODE = "NO_AUTO_VALUE_ON_ZERO";
START TRANSACTION;
SET time_zone = "+00:00";

/*!40101 SET @OLD_CHARACTER_SET_CLIENT=@@CHARACTER_SET_CLIENT */;
/*!40101 SET @OLD_CHARACTER_SET_RESULTS=@@CHARACTER_SET_RESULTS */;
/*!40101 SET @OLD_COLLATION_CONNECTION=@@COLLATION_CONNECTION */;
/*!40101 SET NAMES utf8mb4 */;

CREATE DATABASE IF NOT EXISTS `test` DEFAULT CHARACTER SET utf32 COLLATE utf32_general_ci;
USE `test`;

CREATE TABLE `computers` (
  `id` bigint(20) UNSIGNED NOT NULL,
  `status` decimal(5,2) NOT NULL,
  `note` text COLLATE utf8_unicode_ci DEFAULT NULL,
  `lab_id` varchar(255) COLLATE utf8_unicode_ci DEFAULT NULL,
  `created_at` timestamp NULL DEFAULT NULL,
  `updated_at` timestamp NULL DEFAULT NULL,
  `deleted_at` timestamp NULL DEFAULT NULL
) ENGINE=InnoDB DEFAULT CHARSET=utf8 COLLATE=utf8_unicode_ci;

INSERT INTO `computers` (`id`, `status`, `note`, `lab_id`, `created_at`, `updated_at`, `deleted_at`) VALUES
(1, '75.30', 'Officiis porro quis temporibus laborum quasi.', 'A1-701', '2020-12-10 00:11:12', '2020-12-26 09:47:07', NULL),
(2, '13.88', 'Debitis omnis praesentium est deserunt.', 'A1-702', '2020-12-10 00:11:12', '2020-12-10 00:11:12', NULL),
(3, '57.00', 'Consequuntur ex optio totam cumque.', 'A1-703', '2020-12-10 00:11:12', '2020-12-10 00:11:12', NULL),
(4, '91.05', 'Molestiae ut ut sit aperiam aut.', 'A1-704', '2020-12-10 00:11:12', '2020-12-10 00:11:12', NULL),
(5, '56.47', NULL, 'A1-801', '2020-12-10 00:11:12', '2020-12-10 00:11:12', NULL),
(6, '93.76', NULL, 'A1-802', '2020-12-10 00:11:12', '2020-12-10 00:11:12', NULL),
(7, '27.15', 'Ut ab dicta inventore omnis ut aut.', 'A1-803', '2020-12-10 00:11:12', '2020-12-10 00:11:12', NULL),
(8, '78.13', NULL, 'A1-804', '2020-12-10 00:11:12', '2020-12-10 00:11:12', NULL),
(9, '52.60', NULL, 'A1-901', '2020-12-10 00:11:12', '2020-12-10 00:11:12', NULL),
(10, '80.14', NULL, 'A1-902', '2020-12-10 00:11:12', '2020-12-10 00:11:12', NULL),
(11, '68.90', NULL, 'A1-903', '2020-12-10 00:11:12', '2020-12-10 00:11:12', NULL),
(12, '80.27', 'A dolores qui quod unde quis eos et.', 'A1-904', '2020-12-10 00:11:12', '2020-12-10 00:11:12', NULL),
(13, '20.82', 'Voluptatibus id consectetur deserunt.', 'A1-701', '2020-12-10 00:11:12', '2020-12-10 07:00:49', NULL),
(14, '10.51', NULL, 'A1-702', '2020-12-10 00:11:12', '2020-12-10 00:11:12', NULL),
(15, '95.21', NULL, 'A1-703', '2020-12-10 00:11:12', '2020-12-10 00:11:12', NULL),
(16, '37.77', 'Sed ipsum excepturi magni necessitatibus cupiditate consequuntur expedita.', 'A1-704', '2020-12-10 00:11:12', '2020-12-10 00:11:12', NULL),
(17, '80.73', 'Esse quia ut deleniti aut.', 'A1-801', '2020-12-10 00:11:12', '2020-12-10 00:11:12', NULL),
(18, '74.51', 'Eos qui provident id earum quia nihil enim.', 'A1-802', '2020-12-10 00:11:12', '2020-12-10 00:11:12', NULL),
(19, '58.78', 'Qui eveniet et inventore sint expedita.', 'A1-803', '2020-12-10 00:11:12', '2020-12-10 00:11:12', NULL),
(20, '49.03', 'Accusantium totam harum explicabo a saepe.', 'A1-804', '2020-12-10 00:11:12', '2020-12-10 00:11:12', NULL),
(21, '44.50', NULL, 'A1-901', '2020-12-10 00:11:12', '2020-12-10 00:11:12', NULL),
(22, '55.76', NULL, 'A1-902', '2020-12-10 00:11:12', '2020-12-10 00:11:12', NULL),
(23, '31.98', 'Quisquam delectus dolores ea molestiae soluta.', 'A1-903', '2020-12-10 00:11:12', '2020-12-10 00:11:12', NULL),
(24, '29.09', NULL, 'A1-904', '2020-12-10 00:11:12', '2020-12-10 00:11:12', NULL),
(25, '92.82', NULL, 'A1-701', '2020-12-10 00:11:12', '2020-12-10 07:00:49', NULL),
(26, '86.91', 'Voluptates qui ut officiis.', 'A1-702', '2020-12-10 00:11:12', '2020-12-10 00:11:12', NULL),
(27, '97.94', NULL, 'A1-703', '2020-12-10 00:11:12', '2020-12-10 00:11:12', NULL),
(28, '97.17', 'Harum sed commodi laudantium assumenda vel.', 'A1-704', '2020-12-10 00:11:12', '2020-12-10 00:11:12', NULL),
(29, '94.73', 'Qui qui iure alias.', 'A1-801', '2020-12-10 00:11:12', '2020-12-10 00:11:12', NULL),
(30, '61.54', NULL, 'A1-802', '2020-12-10 00:11:12', '2020-12-10 00:11:12', NULL),
(31, '5.64', NULL, 'A1-803', '2020-12-10 00:11:12', '2020-12-10 00:11:12', NULL),
(32, '7.90', 'In qui et dicta dicta ea qui.', 'A1-804', '2020-12-10 00:11:12', '2020-12-10 00:11:12', NULL),
(33, '82.53', 'Voluptas id nihil minus dignissimos quo omnis delectus odit.', 'A1-901', '2020-12-10 00:11:12', '2020-12-10 00:11:12', NULL),
(34, '22.60', NULL, 'A1-902', '2020-12-10 00:11:12', '2020-12-10 00:11:12', NULL),
(35, '85.14', 'Voluptatem ex suscipit qui et nulla.', 'A1-903', '2020-12-10 00:11:12', '2020-12-10 00:11:12', NULL),
(36, '19.87', 'Debitis ipsa in incidunt quaerat.', 'A1-904', '2020-12-10 00:11:12', '2020-12-10 00:11:12', NULL),
(37, '84.05', NULL, 'A1-701', '2020-12-10 00:11:12', '2020-12-10 07:00:49', NULL),
(38, '39.82', 'Quaerat repellendus ducimus quis sint voluptatibus voluptatibus.', 'A1-702', '2020-12-10 00:11:12', '2020-12-10 00:11:12', NULL),
(39, '41.34', NULL, 'A1-703', '2020-12-10 00:11:12', '2020-12-10 00:11:12', NULL),
(40, '75.56', 'Ea ab quisquam harum corrupti impedit.', 'A1-704', '2020-12-10 00:11:12', '2020-12-10 00:11:12', NULL),
(41, '70.70', NULL, 'A1-801', '2020-12-10 00:11:12', '2020-12-10 00:11:12', NULL),
(42, '82.01', NULL, 'A1-802', '2020-12-10 00:11:12', '2020-12-10 00:11:12', NULL),
(43, '73.19', NULL, 'A1-803', '2020-12-10 00:11:12', '2020-12-10 00:11:12', NULL),
(44, '60.16', 'Harum suscipit eos atque et voluptate voluptate ipsam.', 'A1-804', '2020-12-10 00:11:12', '2020-12-10 00:11:12', NULL),
(45, '54.99', NULL, 'A1-901', '2020-12-10 00:11:12', '2020-12-10 00:11:12', NULL),
(46, '38.36', 'Sed velit rerum ab illum rerum.', 'A1-902', '2020-12-10 00:11:12', '2020-12-10 00:11:12', NULL),
(47, '48.40', NULL, 'A1-903', '2020-12-10 00:11:12', '2020-12-10 00:11:12', NULL),
(48, '88.54', NULL, 'A1-904', '2020-12-10 00:11:12', '2020-12-10 00:11:12', NULL),
(49, '69.36', 'Repellendus doloremque aut odit eaque facere quia culpa praesentium.', 'A1-701', '2020-12-10 00:11:12', '2020-12-10 07:00:49', NULL),
(50, '27.67', 'Cumque eum quasi et deleniti ut corrupti repellat omnis.', 'A1-702', '2020-12-10 00:11:12', '2020-12-10 00:11:12', NULL),
(51, '4.46', 'Eaque minima cum sit nihil aperiam ullam enim.', 'A1-703', '2020-12-10 00:11:12', '2020-12-10 00:11:12', NULL),
(52, '81.22', 'Ab laborum aperiam et aut expedita aut.', 'A1-704', '2020-12-10 00:11:12', '2020-12-10 00:11:12', NULL),
(53, '35.21', NULL, 'A1-801', '2020-12-10 00:11:12', '2020-12-10 00:11:12', NULL),
(54, '57.33', 'Error qui repellat et exercitationem delectus.', 'A1-802', '2020-12-10 00:11:12', '2020-12-10 00:11:12', NULL),
(55, '35.66', NULL, 'A1-803', '2020-12-10 00:11:12', '2020-12-10 00:11:12', NULL),
(56, '14.66', NULL, 'A1-804', '2020-12-10 00:11:12', '2020-12-10 00:11:12', NULL),
(57, '90.92', 'Consectetur et cumque quis.', 'A1-901', '2020-12-10 00:11:12', '2020-12-10 00:11:12', NULL),
(58, '46.00', 'Sed nostrum recusandae eligendi accusantium autem.', 'A1-902', '2020-12-10 00:11:12', '2020-12-10 00:11:12', NULL),
(59, '79.87', NULL, 'A1-903', '2020-12-10 00:11:12', '2020-12-10 00:11:12', NULL),
(60, '42.76', NULL, 'A1-904', '2020-12-10 00:11:12', '2020-12-10 00:11:12', NULL),
(61, '64.48', 'Soluta et rem et quos.', 'A1-701', '2020-12-10 00:11:12', '2020-12-10 07:00:49', NULL),
(62, '77.43', 'Eum voluptatem fugit vel culpa quo in.', 'A1-702', '2020-12-10 00:11:12', '2020-12-10 00:11:12', NULL),
(63, '55.54', NULL, 'A1-703', '2020-12-10 00:11:12', '2020-12-10 00:11:12', NULL),
(64, '30.80', 'Qui omnis aut ut quo velit.', 'A1-704', '2020-12-10 00:11:12', '2020-12-10 00:11:12', NULL),
(65, '43.23', NULL, 'A1-801', '2020-12-10 00:11:12', '2020-12-10 00:11:12', NULL),
(66, '17.93', 'Id facere voluptatibus ducimus odit quibusdam nesciunt.', 'A1-802', '2020-12-10 00:11:12', '2020-12-10 00:11:12', NULL),
(67, '10.81', 'Ipsam magnam amet porro quis accusamus corporis.', 'A1-803', '2020-12-10 00:11:12', '2020-12-10 00:11:12', NULL),
(68, '62.50', NULL, 'A1-804', '2020-12-10 00:11:12', '2020-12-10 00:11:12', NULL),
(69, '70.37', NULL, 'A1-901', '2020-12-10 00:11:12', '2020-12-10 00:11:12', NULL),
(70, '61.23', NULL, 'A1-902', '2020-12-10 00:11:12', '2020-12-10 00:11:12', NULL),
(71, '35.60', NULL, 'A1-903', '2020-12-10 00:11:12', '2020-12-10 00:11:12', NULL),
(72, '0.50', 'Quis dolorem porro eos nulla dolor numquam.', 'A1-904', '2020-12-10 00:11:12', '2020-12-10 00:11:12', NULL),
(73, '46.81', 'Impedit voluptatem quidem cupiditate nam commodi et.', 'A1-701', '2020-12-10 00:11:12', '2020-12-10 07:00:49', NULL),
(74, '62.08', 'Mollitia enim enim ducimus perferendis et.', 'A1-702', '2020-12-10 00:11:12', '2020-12-10 00:11:12', NULL),
(75, '92.45', NULL, 'A1-703', '2020-12-10 00:11:12', '2020-12-10 00:11:12', NULL),
(76, '35.84', NULL, 'A1-704', '2020-12-10 00:11:12', '2020-12-10 00:11:12', NULL),
(77, '48.87', NULL, 'A1-801', '2020-12-10 00:11:12', '2020-12-10 00:11:12', NULL),
(78, '68.69', 'Hic optio est occaecati quasi tempore optio.', 'A1-802', '2020-12-10 00:11:12', '2020-12-10 00:11:12', NULL),
(79, '29.89', NULL, 'A1-803', '2020-12-10 00:11:12', '2020-12-10 00:11:12', NULL),
(80, '49.66', NULL, 'A1-804', '2020-12-10 00:11:12', '2020-12-10 00:11:12', NULL),
(81, '93.93', NULL, 'A1-901', '2020-12-10 00:11:12', '2020-12-10 00:11:12', NULL),
(82, '55.63', NULL, 'A1-902', '2020-12-10 00:11:12', '2020-12-10 00:11:12', NULL),
(83, '8.66', NULL, 'A1-903', '2020-12-10 00:11:12', '2020-12-10 00:11:12', NULL),
(84, '12.22', NULL, 'A1-904', '2020-12-10 00:11:12', '2020-12-10 00:11:12', NULL),
(85, '5.98', 'Et id enim ipsam sunt eum.', 'A1-701', '2020-12-10 00:11:12', '2020-12-10 07:00:49', NULL),
(86, '85.54', 'Rerum ipsa soluta animi rerum ratione provident.', 'A1-702', '2020-12-10 00:11:12', '2020-12-10 00:11:12', NULL),
(87, '23.40', 'Rerum non tempora magni et vel beatae.', 'A1-703', '2020-12-10 00:11:12', '2020-12-10 00:11:12', NULL),
(88, '49.98', NULL, 'A1-704', '2020-12-10 00:11:12', '2020-12-10 00:11:12', NULL),
(89, '4.13', NULL, 'A1-801', '2020-12-10 00:11:12', '2020-12-10 00:11:12', NULL),
(90, '41.59', 'Tempora quia corrupti autem quibusdam ducimus laborum et.', 'A1-802', '2020-12-10 00:11:12', '2020-12-10 00:11:12', NULL),
(91, '24.16', NULL, 'A1-803', '2020-12-10 00:11:12', '2020-12-10 00:11:12', NULL),
(92, '96.51', NULL, 'A1-804', '2020-12-10 00:11:12', '2020-12-10 00:11:12', NULL),
(93, '26.66', NULL, 'A1-901', '2020-12-10 00:11:12', '2020-12-10 00:11:12', NULL),
(94, '49.24', 'Dolorem laboriosam enim ex eligendi enim voluptate ad.', 'A1-902', '2020-12-10 00:11:12', '2020-12-10 00:11:12', NULL),
(95, '25.49', 'Cum quas molestiae illo.', 'A1-903', '2020-12-10 00:11:12', '2020-12-10 00:11:12', NULL),
(96, '31.60', 'Modi modi aliquid ad modi.', 'A1-904', '2020-12-10 00:11:12', '2020-12-10 00:11:12', NULL),
(97, '72.09', 'Magni temporibus ducimus aliquid ipsa dicta tenetur.', 'A1-701', '2020-12-10 00:11:12', '2020-12-10 07:00:49', NULL),
(98, '95.35', NULL, 'A1-702', '2020-12-10 00:11:12', '2020-12-10 00:11:12', NULL),
(99, '16.17', 'Ut recusandae excepturi est sed nesciunt voluptatem nobis nihil.', 'A1-703', '2020-12-10 00:11:12', '2020-12-10 00:11:12', NULL),
(100, '34.87', 'Corrupti perferendis sed modi nihil at iusto maxime voluptate.', 'A1-704', '2020-12-10 00:11:12', '2020-12-10 00:11:12', NULL),
(101, '14.40', 'Numquam molestias maiores sunt enim quas distinctio.', 'A1-801', '2020-12-10 00:11:12', '2020-12-10 00:11:12', NULL),
(102, '60.76', 'Quo sapiente consequatur perferendis sunt.', 'A1-802', '2020-12-10 00:11:12', '2020-12-10 00:11:12', NULL),
(103, '66.43', 'Explicabo aut velit velit qui vel.', 'A1-803', '2020-12-10 00:11:12', '2020-12-10 00:11:12', NULL),
(104, '91.05', 'Laudantium ipsam voluptas qui ea.', 'A1-804', '2020-12-10 00:11:12', '2020-12-10 00:11:12', NULL),
(105, '30.88', 'Est delectus consequatur et.', 'A1-901', '2020-12-10 00:11:12', '2020-12-10 00:11:12', NULL),
(106, '70.65', NULL, 'A1-902', '2020-12-10 00:11:12', '2020-12-10 00:11:12', NULL),
(107, '85.97', 'Sed dolores quo id ratione blanditiis consequatur.', 'A1-903', '2020-12-10 00:11:12', '2020-12-10 00:11:12', NULL),
(108, '86.12', NULL, 'A1-904', '2020-12-10 00:11:12', '2020-12-10 00:11:12', NULL),
(109, '16.41', NULL, 'A1-701', '2020-12-10 00:11:12', '2020-12-10 07:00:49', NULL),
(110, '50.06', NULL, 'A1-702', '2020-12-10 00:11:12', '2020-12-10 00:11:12', NULL),
(111, '79.38', 'Repudiandae cumque suscipit sapiente accusamus voluptatum incidunt.', 'A1-703', '2020-12-10 00:11:12', '2020-12-10 00:11:12', NULL),
(112, '65.43', NULL, 'A1-704', '2020-12-10 00:11:12', '2020-12-10 00:11:12', NULL),
(113, '19.54', 'Possimus placeat aut voluptatem ipsa ab aliquam placeat.', 'A1-801', '2020-12-10 00:11:12', '2020-12-10 00:11:12', NULL),
(114, '32.54', 'Praesentium aut cupiditate nam nihil libero.', 'A1-802', '2020-12-10 00:11:12', '2020-12-10 00:11:12', NULL),
(115, '74.14', NULL, 'A1-803', '2020-12-10 00:11:12', '2020-12-10 00:11:12', NULL),
(116, '1.18', 'Et cupiditate voluptates minima qui ut.', 'A1-804', '2020-12-10 00:11:12', '2020-12-10 00:11:12', NULL),
(117, '40.29', NULL, 'A1-901', '2020-12-10 00:11:12', '2020-12-10 00:11:12', NULL),
(118, '48.64', NULL, 'A1-902', '2020-12-10 00:11:12', '2020-12-10 00:11:12', NULL),
(119, '44.66', NULL, 'A1-903', '2020-12-10 00:11:12', '2020-12-10 00:11:12', NULL),
(120, '74.91', 'Necessitatibus repellendus necessitatibus in molestiae aut.', 'A1-904', '2020-12-10 00:11:12', '2020-12-10 00:11:12', NULL),
(121, '45.73', NULL, 'A1-701', '2020-12-10 00:11:12', '2020-12-10 07:00:49', NULL),
(122, '7.25', NULL, 'A1-702', '2020-12-10 00:11:12', '2020-12-10 00:11:12', NULL),
(123, '95.35', 'Quod aut non enim error magnam adipisci perspiciatis.', 'A1-703', '2020-12-10 00:11:12', '2020-12-10 00:11:12', NULL),
(124, '33.23', NULL, 'A1-704', '2020-12-10 00:11:12', '2020-12-10 00:11:12', NULL),
(125, '2.78', NULL, 'A1-801', '2020-12-10 00:11:12', '2020-12-10 00:11:12', NULL),
(126, '64.61', 'Est praesentium accusamus laboriosam et cupiditate nisi.', 'A1-802', '2020-12-10 00:11:12', '2020-12-10 00:11:12', NULL),
(127, '17.53', 'Iure iusto ut eaque odio rerum neque ipsum et.', 'A1-803', '2020-12-10 00:11:12', '2020-12-10 00:11:12', NULL),
(128, '94.21', 'Minus facere vel ut itaque exercitationem adipisci reprehenderit.', 'A1-804', '2020-12-10 00:11:12', '2020-12-10 00:11:12', NULL),
(129, '84.95', NULL, 'A1-901', '2020-12-10 00:11:12', '2020-12-10 00:11:12', NULL),
(130, '84.34', NULL, 'A1-902', '2020-12-10 00:11:12', '2020-12-10 00:11:12', NULL),
(131, '19.99', 'Voluptatem maiores provident tenetur consequatur non nihil.', 'A1-903', '2020-12-10 00:11:12', '2020-12-10 00:11:12', NULL),
(132, '38.45', 'Numquam eum neque aliquid a quia.', 'A1-904', '2020-12-10 00:11:12', '2020-12-10 00:11:12', NULL),
(133, '99.82', NULL, 'A1-701', '2020-12-10 00:11:12', '2020-12-10 07:00:49', NULL),
(134, '32.91', 'Exercitationem quae libero et rerum consequatur ad quod perferendis.', 'A1-702', '2020-12-10 00:11:12', '2020-12-10 00:11:12', NULL),
(135, '86.64', 'Corporis totam qui iste ut sit et.', 'A1-703', '2020-12-10 00:11:12', '2020-12-10 00:11:12', NULL),
(136, '10.56', NULL, 'A1-704', '2020-12-10 00:11:12', '2020-12-10 00:11:12', NULL),
(137, '4.71', NULL, 'A1-801', '2020-12-10 00:11:12', '2020-12-10 00:11:12', NULL),
(138, '81.23', 'Quasi delectus debitis eum eum facilis delectus.', 'A1-802', '2020-12-10 00:11:12', '2020-12-10 00:11:12', NULL),
(139, '96.06', NULL, 'A1-803', '2020-12-10 00:11:12', '2020-12-10 00:11:12', NULL),
(140, '61.26', 'Distinctio repellendus corrupti consequuntur recusandae vel perspiciatis.', 'A1-804', '2020-12-10 00:11:12', '2020-12-10 00:11:12', NULL),
(141, '21.22', NULL, 'A1-901', '2020-12-10 00:11:12', '2020-12-10 00:11:12', NULL),
(142, '65.55', 'Quae at rerum mollitia.', 'A1-902', '2020-12-10 00:11:12', '2020-12-10 00:11:12', NULL),
(143, '37.26', 'Vero aut at ipsa non autem provident.', 'A1-903', '2020-12-10 00:11:12', '2020-12-10 00:11:12', NULL),
(144, '76.94', NULL, 'A1-904', '2020-12-10 00:11:12', '2020-12-10 00:11:12', NULL),
(145, '82.73', 'Ducimus vitae iusto labore consequatur alias sed officiis.', 'A1-701', '2020-12-10 00:11:12', '2020-12-10 07:00:49', NULL),
(146, '27.82', NULL, 'A1-702', '2020-12-10 00:11:12', '2020-12-10 00:11:12', NULL),
(147, '45.04', NULL, 'A1-703', '2020-12-10 00:11:12', '2020-12-10 00:11:12', NULL),
(148, '21.11', NULL, 'A1-704', '2020-12-10 00:11:12', '2020-12-10 00:11:12', NULL),
(149, '97.11', 'Et odit ratione vero vero.', 'A1-801', '2020-12-10 00:11:12', '2020-12-10 00:11:12', NULL),
(150, '72.29', 'Mollitia maiores est et deleniti.', 'A1-802', '2020-12-10 00:11:12', '2020-12-10 00:11:12', NULL),
(151, '6.83', 'Nostrum omnis praesentium maxime vel ut.', 'A1-803', '2020-12-10 00:11:12', '2020-12-10 00:11:12', NULL),
(152, '3.04', 'Debitis voluptas molestiae eum quas et quasi architecto.', 'A1-804', '2020-12-10 00:11:12', '2020-12-10 00:11:12', NULL),
(153, '22.69', 'Soluta laborum sit illo dignissimos.', 'A1-901', '2020-12-10 00:11:12', '2020-12-10 00:11:12', NULL),
(154, '80.03', NULL, 'A1-902', '2020-12-10 00:11:12', '2020-12-10 00:11:12', NULL),
(155, '49.54', NULL, 'A1-903', '2020-12-10 00:11:12', '2020-12-10 00:11:12', NULL),
(156, '62.90', 'Itaque excepturi atque ut officia.', 'A1-904', '2020-12-10 00:11:12', '2020-12-10 00:11:12', NULL),
(157, '45.47', 'Assumenda sit natus asperiores.', 'A1-701', '2020-12-10 00:11:12', '2020-12-10 07:00:49', NULL),
(158, '51.52', 'Excepturi qui sint et eos.', 'A1-702', '2020-12-10 00:11:12', '2020-12-10 00:11:12', NULL),
(159, '28.04', NULL, 'A1-703', '2020-12-10 00:11:12', '2020-12-10 00:11:12', NULL),
(160, '91.80', NULL, 'A1-704', '2020-12-10 00:11:12', '2020-12-10 00:11:12', NULL),
(161, '41.23', NULL, 'A1-801', '2020-12-10 00:11:12', '2020-12-10 00:11:12', NULL),
(162, '49.25', 'Rerum totam sed dicta facere saepe.', 'A1-802', '2020-12-10 00:11:12', '2020-12-10 00:11:12', NULL),
(163, '90.55', NULL, 'A1-803', '2020-12-10 00:11:12', '2020-12-10 00:11:12', NULL),
(164, '62.80', 'Est inventore nesciunt voluptas.', 'A1-804', '2020-12-10 00:11:12', '2020-12-10 00:11:12', NULL),
(165, '3.38', 'Necessitatibus ipsa odit veniam molestiae officiis in velit.', 'A1-901', '2020-12-10 00:11:12', '2020-12-10 00:11:12', NULL),
(166, '29.67', 'Harum vero aspernatur sit non.', 'A1-902', '2020-12-10 00:11:12', '2020-12-10 00:11:12', NULL),
(167, '43.09', 'Facere ut sit maxime sit nisi.', 'A1-903', '2020-12-10 00:11:12', '2020-12-10 00:11:12', NULL),
(168, '27.95', 'Doloremque non atque eum.', 'A1-904', '2020-12-10 00:11:12', '2020-12-10 00:11:12', NULL),
(169, '60.55', NULL, 'A1-701', '2020-12-10 00:11:12', '2020-12-10 07:00:49', NULL),
(170, '52.25', 'Vel dolor architecto dicta consequatur.', 'A1-702', '2020-12-10 00:11:12', '2020-12-10 00:11:12', NULL),
(171, '89.49', NULL, 'A1-703', '2020-12-10 00:11:12', '2020-12-10 00:11:12', NULL),
(172, '72.44', NULL, 'A1-704', '2020-12-10 00:11:12', '2020-12-10 00:11:12', NULL),
(173, '58.04', 'Fugiat dolorem saepe iure.', 'A1-801', '2020-12-10 00:11:12', '2020-12-10 00:11:12', NULL),
(174, '77.70', NULL, 'A1-802', '2020-12-10 00:11:12', '2020-12-10 00:11:12', NULL),
(175, '57.33', NULL, 'A1-803', '2020-12-10 00:11:12', '2020-12-10 00:11:12', NULL),
(176, '28.60', 'Dolores quo eos sapiente quas incidunt et facere odio.', 'A1-804', '2020-12-10 00:11:12', '2020-12-10 00:11:12', NULL),
(177, '4.64', NULL, 'A1-901', '2020-12-10 00:11:12', '2020-12-10 00:11:12', NULL),
(178, '39.70', NULL, 'A1-902', '2020-12-10 00:11:12', '2020-12-10 00:11:12', NULL),
(179, '79.01', 'Mollitia voluptas qui voluptatem rerum.', 'A1-903', '2020-12-10 00:11:12', '2020-12-10 00:11:12', NULL),
(180, '76.24', NULL, 'A1-904', '2020-12-10 00:11:12', '2020-12-10 00:11:12', NULL),
(181, '69.30', NULL, 'A1-701', '2020-12-10 00:11:12', '2020-12-10 07:00:49', NULL),
(182, '22.50', NULL, 'A1-702', '2020-12-10 00:11:12', '2020-12-10 00:11:12', NULL),
(183, '28.35', NULL, 'A1-703', '2020-12-10 00:11:12', '2020-12-10 00:11:12', NULL),
(184, '71.89', 'Perferendis voluptatum omnis quasi nostrum et nesciunt.', 'A1-704', '2020-12-10 00:11:12', '2020-12-10 00:11:12', NULL),
(185, '57.82', NULL, 'A1-801', '2020-12-10 00:11:12', '2020-12-10 00:11:12', NULL),
(186, '63.07', NULL, 'A1-802', '2020-12-10 00:11:12', '2020-12-10 00:11:12', NULL),
(187, '1.11', NULL, 'A1-803', '2020-12-10 00:11:12', '2020-12-10 00:11:12', NULL),
(188, '27.17', 'Explicabo eveniet ut est illo quis.', 'A1-804', '2020-12-10 00:11:12', '2020-12-10 00:11:12', NULL),
(189, '97.16', NULL, 'A1-901', '2020-12-10 00:11:12', '2020-12-10 00:11:12', NULL),
(190, '96.17', NULL, 'A1-902', '2020-12-10 00:11:12', '2020-12-10 00:11:12', NULL),
(191, '72.39', NULL, 'A1-903', '2020-12-10 00:11:12', '2020-12-10 00:11:12', NULL),
(192, '37.82', NULL, 'A1-904', '2020-12-10 00:11:12', '2020-12-10 00:11:12', NULL),
(193, '65.35', 'Quos officia occaecati dolorum non.', 'A1-701', '2020-12-10 00:11:12', '2020-12-10 07:00:49', NULL),
(194, '50.37', 'Expedita sed dolorem excepturi.', 'A1-702', '2020-12-10 00:11:12', '2020-12-10 00:11:12', NULL),
(195, '70.71', NULL, 'A1-703', '2020-12-10 00:11:12', '2020-12-10 00:11:12', NULL),
(196, '50.14', NULL, 'A1-704', '2020-12-10 00:11:12', '2020-12-10 00:11:12', NULL),
(197, '57.32', 'Eius esse praesentium eveniet iure.', 'A1-801', '2020-12-10 00:11:12', '2020-12-10 00:11:12', NULL),
(198, '37.33', NULL, 'A1-802', '2020-12-10 00:11:12', '2020-12-10 00:11:12', NULL),
(199, '28.88', NULL, 'A1-803', '2020-12-10 00:11:12', '2020-12-10 00:11:12', NULL),
(200, '88.15', NULL, 'A1-804', '2020-12-10 00:11:12', '2020-12-10 00:11:12', NULL),
(201, '81.69', 'Deleniti occaecati corrupti mollitia perferendis aut.', 'A1-901', '2020-12-10 00:11:12', '2020-12-10 00:11:12', NULL),
(202, '97.37', NULL, 'A1-902', '2020-12-10 00:11:12', '2020-12-10 00:11:12', NULL),
(203, '47.61', NULL, 'A1-903', '2020-12-10 00:11:12', '2020-12-10 00:11:12', NULL),
(204, '10.01', NULL, 'A1-904', '2020-12-10 00:11:12', '2020-12-10 00:11:12', NULL),
(205, '87.14', 'Possimus quas ut totam qui.', 'A1-701', '2020-12-10 00:11:12', '2020-12-10 07:00:49', NULL),
(206, '44.79', 'Consequuntur amet repellat officiis fugiat cupiditate fuga nihil.', 'A1-702', '2020-12-10 00:11:12', '2020-12-10 00:11:12', NULL),
(207, '73.54', NULL, 'A1-703', '2020-12-10 00:11:12', '2020-12-10 00:11:12', NULL),
(208, '78.83', 'Omnis voluptas architecto architecto architecto rerum.', 'A1-704', '2020-12-10 00:11:12', '2020-12-10 00:11:12', NULL),
(209, '11.62', NULL, 'A1-801', '2020-12-10 00:11:12', '2020-12-10 00:11:12', NULL),
(210, '33.85', 'Totam illo non et ut iusto.', 'A1-802', '2020-12-10 00:11:12', '2020-12-10 00:11:12', NULL),
(211, '47.96', 'Reprehenderit reiciendis magni quo doloremque quia cupiditate.', 'A1-803', '2020-12-10 00:11:12', '2020-12-10 00:11:12', NULL),
(212, '76.37', NULL, 'A1-804', '2020-12-10 00:11:12', '2020-12-10 00:11:12', NULL),
(213, '10.09', NULL, 'A1-901', '2020-12-10 00:11:12', '2020-12-10 00:11:12', NULL),
(214, '71.60', NULL, 'A1-902', '2020-12-10 00:11:12', '2020-12-10 00:11:12', NULL),
(215, '87.73', NULL, 'A1-903', '2020-12-10 00:11:12', '2020-12-10 00:11:12', NULL),
(216, '35.13', NULL, 'A1-904', '2020-12-10 00:11:12', '2020-12-10 00:11:12', NULL),
(217, '31.08', 'Modi veniam nemo amet cumque quidem perspiciatis.', 'A1-701', '2020-12-10 00:11:12', '2020-12-10 07:00:49', NULL),
(218, '82.50', NULL, 'A1-702', '2020-12-10 00:11:12', '2020-12-10 00:11:12', NULL),
(219, '19.18', NULL, 'A1-703', '2020-12-10 00:11:12', '2020-12-10 00:11:12', NULL),
(220, '67.17', NULL, 'A1-704', '2020-12-10 00:11:12', '2020-12-10 00:11:12', NULL),
(221, '72.45', NULL, 'A1-801', '2020-12-10 00:11:12', '2020-12-10 00:11:12', NULL),
(222, '26.82', NULL, 'A1-802', '2020-12-10 00:11:12', '2020-12-10 00:11:12', NULL),
(223, '57.46', 'Illo consequatur nihil vel atque veritatis eligendi rerum est.', 'A1-803', '2020-12-10 00:11:12', '2020-12-10 00:11:12', NULL),
(224, '99.13', 'Numquam eveniet eius harum natus dolorem in odio incidunt.', 'A1-804', '2020-12-10 00:11:12', '2020-12-10 00:11:12', NULL),
(225, '65.99', NULL, 'A1-901', '2020-12-10 00:11:12', '2020-12-10 00:11:12', NULL),
(226, '51.84', 'Dolorum saepe eos eos totam.', 'A1-902', '2020-12-10 00:11:12', '2020-12-10 00:11:12', NULL),
(227, '8.44', 'Sequi soluta quasi voluptatem sed ut ducimus atque.', 'A1-903', '2020-12-10 00:11:12', '2020-12-10 00:11:12', NULL),
(228, '58.01', 'Aut facilis laborum odio.', 'A1-904', '2020-12-10 00:11:12', '2020-12-10 00:11:12', NULL),
(229, '79.71', 'Veritatis officiis temporibus eveniet repudiandae aperiam.', 'A1-701', '2020-12-10 00:11:12', '2020-12-10 07:00:49', NULL),
(230, '68.01', 'Rerum ut ullam pariatur et quae atque sequi.', 'A1-702', '2020-12-10 00:11:12', '2020-12-10 00:11:12', NULL),
(231, '84.66', NULL, 'A1-703', '2020-12-10 00:11:12', '2020-12-10 00:11:12', NULL),
(232, '30.93', 'Ratione voluptate iusto quia repellendus eaque esse.', 'A1-704', '2020-12-10 00:11:12', '2020-12-10 00:11:12', NULL),
(233, '20.12', NULL, 'A1-801', '2020-12-10 00:11:12', '2020-12-10 00:11:12', NULL),
(234, '81.15', NULL, 'A1-802', '2020-12-10 00:11:12', '2020-12-10 00:11:12', NULL),
(235, '58.21', NULL, 'A1-803', '2020-12-10 00:11:12', '2020-12-10 00:11:12', NULL),
(236, '79.07', 'Est soluta tempora aut quia fugit rerum quod.', 'A1-804', '2020-12-10 00:11:12', '2020-12-10 00:11:12', NULL),
(237, '7.76', NULL, 'A1-901', '2020-12-10 00:11:12', '2020-12-10 00:11:12', NULL),
(238, '75.61', 'Est qui perferendis vel quidem maxime deleniti tempora similique.', 'A1-902', '2020-12-10 00:11:12', '2020-12-10 00:11:12', NULL),
(239, '85.00', 'Dicta et beatae facilis corrupti dicta.', 'A1-903', '2020-12-10 00:11:12', '2020-12-10 00:11:12', NULL),
(240, '72.92', 'Blanditiis ea dolorem et praesentium.', 'A1-904', '2020-12-10 00:11:12', '2020-12-10 00:11:12', NULL),
(241, '45.93', NULL, 'A1-701', '2020-12-10 00:11:12', '2020-12-10 07:00:49', NULL),
(242, '21.86', 'Placeat autem facere quis quae tenetur molestias et.', 'A1-702', '2020-12-10 00:11:12', '2020-12-10 00:11:12', NULL),
(243, '85.30', NULL, 'A1-703', '2020-12-10 00:11:13', '2020-12-10 00:11:13', NULL),
(244, '49.28', NULL, 'A1-704', '2020-12-10 00:11:13', '2020-12-10 00:11:13', NULL),
(245, '70.49', NULL, 'A1-801', '2020-12-10 00:11:13', '2020-12-10 00:11:13', NULL),
(246, '70.36', 'Ut repellat cumque vitae dolore porro.', 'A1-802', '2020-12-10 00:11:13', '2020-12-10 00:11:13', NULL),
(247, '4.81', 'Ut voluptatem voluptas rerum non aut exercitationem.', 'A1-803', '2020-12-10 00:11:13', '2020-12-10 00:11:13', NULL),
(248, '46.19', 'Illum molestiae optio nam ipsum beatae qui quis.', 'A1-804', '2020-12-10 00:11:13', '2020-12-10 00:11:13', NULL),
(249, '41.31', NULL, 'A1-901', '2020-12-10 00:11:13', '2020-12-10 00:11:13', NULL),
(250, '89.45', 'Eveniet ad autem quas suscipit.', 'A1-902', '2020-12-10 00:11:13', '2020-12-10 00:11:13', NULL),
(251, '8.10', NULL, 'A1-903', '2020-12-10 00:11:13', '2020-12-10 00:11:13', NULL),
(252, '82.62', NULL, 'A1-904', '2020-12-10 00:11:13', '2020-12-10 00:11:13', NULL),
(253, '25.74', NULL, 'A1-701', '2020-12-10 00:11:13', '2020-12-10 07:00:49', NULL),
(254, '60.07', NULL, 'A1-702', '2020-12-10 00:11:13', '2020-12-10 00:11:13', NULL),
(255, '41.22', NULL, 'A1-703', '2020-12-10 00:11:13', '2020-12-10 00:11:13', NULL),
(256, '39.11', NULL, 'A1-704', '2020-12-10 00:11:13', '2020-12-10 00:11:13', NULL),
(257, '43.39', NULL, 'A1-801', '2020-12-10 00:11:13', '2020-12-10 00:11:13', NULL),
(258, '41.39', NULL, 'A1-802', '2020-12-10 00:11:13', '2020-12-10 00:11:13', NULL),
(259, '65.43', NULL, 'A1-803', '2020-12-10 00:11:13', '2020-12-10 00:11:13', NULL),
(260, '34.94', 'Dolore ipsa expedita architecto accusamus.', 'A1-804', '2020-12-10 00:11:13', '2020-12-10 00:11:13', NULL),
(261, '65.05', NULL, 'A10-600', '2020-12-10 00:11:13', '2020-12-10 06:35:00', NULL),
(262, '25.46', NULL, 'A10-600', '2020-12-10 00:11:13', '2020-12-10 06:35:00', NULL),
(263, '92.52', 'Aut sint harum commodi recusandae dolor at enim.', 'A10-600', '2020-12-10 00:11:13', '2020-12-10 06:35:00', NULL),
(264, '40.33', NULL, 'A10-601', '2020-12-10 00:11:13', '2020-12-10 06:59:24', NULL),
(265, '83.64', NULL, '1', '2020-12-10 00:11:13', '2020-12-21 21:27:20', NULL),
(266, '22.26', NULL, 'A10-601', '2020-12-10 00:11:13', '2020-12-10 06:59:24', NULL),
(267, '63.93', NULL, '2', '2020-12-10 00:11:13', '2020-12-26 01:46:34', NULL),
(268, '60.47', 'Consequatur atque neque rerum consequatur.', NULL, '2020-12-10 00:11:13', '2020-12-10 00:11:13', NULL),
(269, '89.09', 'Sed tenetur beatae ducimus eaque voluptas.', NULL, '2020-12-10 00:11:13', '2020-12-10 00:11:13', NULL),
(270, '86.91', 'Hic aspernatur pariatur aliquam animi necessitatibus.', NULL, '2020-12-10 00:11:13', '2020-12-10 00:11:13', NULL),
(271, '31.46', NULL, NULL, '2020-12-10 00:11:13', '2020-12-10 00:11:13', NULL),
(272, '22.65', 'Velit unde voluptas dolores praesentium totam.', NULL, '2020-12-10 00:11:13', '2020-12-10 00:11:13', NULL),
(273, '2.05', NULL, NULL, '2020-12-10 00:11:13', '2020-12-10 00:11:13', NULL),
(274, '55.92', NULL, NULL, '2020-12-10 00:11:13', '2020-12-10 00:11:13', NULL),
(275, '44.36', NULL, NULL, '2020-12-10 00:11:13', '2020-12-10 00:11:13', NULL),
(276, '61.62', 'Aut vero vitae ut non molestias necessitatibus sed.', NULL, '2020-12-10 00:11:13', '2020-12-10 00:11:13', NULL),
(277, '93.84', 'Voluptatem et quibusdam molestiae est sunt.', NULL, '2020-12-10 00:11:13', '2020-12-10 00:11:13', NULL),
(278, '63.20', NULL, NULL, '2020-12-10 00:11:13', '2020-12-10 00:11:13', NULL),
(279, '88.36', NULL, NULL, '2020-12-10 00:11:13', '2020-12-10 00:11:13', NULL),
(280, '0.36', 'Officiis corrupti sapiente eligendi omnis ut.', NULL, '2020-12-10 00:11:13', '2020-12-10 00:11:13', NULL),
(281, '31.72', NULL, NULL, '2020-12-10 00:11:13', '2020-12-10 00:11:13', NULL),
(282, '3.39', NULL, NULL, '2020-12-10 00:11:13', '2020-12-10 00:11:13', NULL),
(283, '46.94', 'Nobis iste aut dolorum omnis.', NULL, '2020-12-10 00:11:13', '2020-12-10 00:11:13', NULL),
(284, '66.41', 'Est ut aut aliquam dolorem.', NULL, '2020-12-10 00:11:13', '2020-12-10 00:11:13', NULL),
(285, '76.65', NULL, NULL, '2020-12-10 00:11:13', '2020-12-10 00:11:13', NULL),
(286, '98.11', NULL, NULL, '2020-12-10 00:11:13', '2020-12-10 00:11:13', NULL),
(287, '23.10', 'Totam eligendi magnam nesciunt necessitatibus incidunt alias magnam.', NULL, '2020-12-10 00:11:13', '2020-12-10 00:11:13', NULL),
(288, '11.89', NULL, NULL, '2020-12-10 00:11:13', '2020-12-10 00:11:13', NULL),
(289, '11.01', NULL, NULL, '2020-12-10 00:11:13', '2020-12-10 00:11:13', NULL),
(290, '82.69', 'Unde recusandae ratione rem ratione ex.', NULL, '2020-12-10 00:11:13', '2020-12-10 00:11:13', NULL),
(291, '70.21', 'Eum rerum tempora consequuntur sit omnis error.', NULL, '2020-12-10 00:11:13', '2020-12-10 00:11:13', NULL),
(292, '50.54', 'Qui quis aut ullam sed veritatis.', NULL, '2020-12-10 00:11:13', '2020-12-10 00:11:13', NULL),
(293, '80.93', NULL, NULL, '2020-12-10 00:11:13', '2020-12-10 00:11:13', NULL),
(294, '11.17', 'Placeat voluptatum voluptatem nostrum quos.', NULL, '2020-12-10 00:11:13', '2020-12-10 00:11:13', NULL),
(295, '15.19', 'Sequi molestiae inventore voluptas amet totam ut dicta explicabo.', NULL, '2020-12-10 00:11:13', '2020-12-10 00:11:13', NULL),
(296, '74.15', NULL, NULL, '2020-12-10 00:11:13', '2020-12-10 00:11:13', NULL),
(297, '64.52', NULL, NULL, '2020-12-10 00:11:13', '2020-12-10 00:11:13', NULL),
(298, '20.82', 'Omnis mollitia dolorem aut neque autem repellendus.', NULL, '2020-12-10 00:11:13', '2020-12-10 00:11:13', NULL),
(299, '57.22', 'Qui voluptatibus autem ut et sit velit omnis occaecati.', NULL, '2020-12-10 00:11:13', '2020-12-10 00:11:13', NULL),
(300, '14.17', 'Incidunt consequatur voluptatem accusantium blanditiis qui corporis.', NULL, '2020-12-10 00:11:13', '2020-12-10 00:11:13', NULL),
(301, '43.47', NULL, NULL, '2020-12-10 00:11:13', '2020-12-10 00:11:13', NULL),
(302, '34.65', NULL, NULL, '2020-12-10 00:11:13', '2020-12-10 00:11:13', NULL),
(303, '3.24', 'Sunt eum sint fugit ad.', NULL, '2020-12-10 00:11:13', '2020-12-10 00:11:13', NULL),
(304, '66.48', NULL, NULL, '2020-12-10 00:11:13', '2020-12-10 00:11:13', NULL),
(305, '39.34', NULL, NULL, '2020-12-10 00:11:13', '2020-12-10 00:11:13', NULL),
(306, '26.48', NULL, NULL, '2020-12-10 00:11:13', '2020-12-10 00:11:13', NULL),
(307, '51.03', 'Dolore ducimus ut impedit vitae.', NULL, '2020-12-10 00:11:13', '2020-12-10 00:11:13', NULL),
(308, '4.37', NULL, NULL, '2020-12-10 00:11:13', '2020-12-10 00:11:13', NULL),
(309, '39.19', 'Ut provident ut numquam possimus rem ut molestiae.', NULL, '2020-12-10 00:11:13', '2020-12-10 00:11:13', NULL),
(310, '13.98', NULL, NULL, '2020-12-10 00:11:13', '2020-12-10 00:11:13', NULL),
(311, '31.68', NULL, NULL, '2020-12-10 00:11:13', '2020-12-10 00:11:13', NULL),
(312, '36.51', NULL, NULL, '2020-12-10 00:11:13', '2020-12-10 00:11:13', NULL),
(313, '34.95', NULL, NULL, '2020-12-10 00:11:13', '2020-12-10 00:11:13', NULL),
(314, '32.14', NULL, NULL, '2020-12-10 00:11:13', '2020-12-10 00:11:13', NULL),
(315, '67.47', 'Ut deserunt velit cumque architecto ad vitae minima aut.', NULL, '2020-12-10 00:11:13', '2020-12-10 00:11:13', NULL),
(316, '83.73', 'Nulla nemo voluptatem eius itaque dolorum quam.', NULL, '2020-12-10 00:11:13', '2020-12-10 00:11:13', NULL),
(317, '45.60', 'Explicabo temporibus aliquam deleniti non ipsum blanditiis.', NULL, '2020-12-10 00:11:13', '2020-12-10 00:11:13', NULL),
(318, '7.11', NULL, NULL, '2020-12-10 00:11:13', '2020-12-10 00:11:13', NULL),
(319, '7.74', NULL, NULL, '2020-12-10 00:11:13', '2020-12-10 00:11:13', NULL),
(320, '74.03', 'Perferendis ipsam in mollitia tempore nihil deserunt et.', NULL, '2020-12-10 00:11:13', '2020-12-10 00:11:13', NULL),
(321, '86.47', NULL, NULL, '2020-12-10 00:11:13', '2020-12-10 00:11:13', NULL),
(322, '83.70', NULL, NULL, '2020-12-10 00:11:13', '2020-12-10 00:11:13', NULL),
(323, '17.53', NULL, NULL, '2020-12-10 00:11:13', '2020-12-10 00:11:13', NULL),
(324, '24.09', NULL, NULL, '2020-12-10 00:11:13', '2020-12-10 00:11:13', NULL),
(325, '5.45', NULL, NULL, '2020-12-10 00:11:13', '2020-12-10 00:11:13', NULL),
(326, '96.92', NULL, NULL, '2020-12-10 00:11:13', '2020-12-10 00:11:13', NULL),
(327, '48.65', 'Beatae culpa rem et nemo esse exercitationem maiores.', NULL, '2020-12-10 00:11:13', '2020-12-10 00:11:13', NULL),
(328, '22.37', 'Et ut itaque possimus repellat.', NULL, '2020-12-10 00:11:13', '2020-12-10 00:11:13', NULL),
(329, '24.49', 'Aut aliquam aut qui et dignissimos consequatur.', NULL, '2020-12-10 00:11:13', '2020-12-10 00:11:13', NULL),
(330, '92.36', 'Repellendus iure atque et vitae facere asperiores numquam.', NULL, '2020-12-10 00:11:13', '2020-12-10 00:11:13', NULL),
(331, '4.41', 'Qui nihil error suscipit eaque qui.', NULL, '2020-12-10 00:11:13', '2020-12-10 00:11:13', NULL),
(332, '94.11', 'Quidem quisquam quos eveniet aliquid doloribus nostrum qui.', NULL, '2020-12-10 00:11:13', '2020-12-10 00:11:13', NULL),
(333, '73.08', NULL, NULL, '2020-12-10 00:11:13', '2020-12-10 00:11:13', NULL),
(334, '88.83', NULL, NULL, '2020-12-10 00:11:13', '2020-12-10 00:11:13', NULL),
(335, '83.99', NULL, NULL, '2020-12-10 00:11:13', '2020-12-10 00:11:13', NULL),
(336, '54.62', NULL, NULL, '2020-12-10 00:11:13', '2020-12-10 00:11:13', NULL),
(337, '69.49', NULL, NULL, '2020-12-10 00:11:13', '2020-12-10 00:11:13', NULL),
(338, '20.06', 'Molestiae voluptatem eveniet dolor.', NULL, '2020-12-10 00:11:13', '2020-12-10 00:11:13', NULL),
(339, '45.52', 'Excepturi nisi dolorum est veniam distinctio eveniet.', NULL, '2020-12-10 00:11:13', '2020-12-10 00:11:13', NULL),
(340, '12.48', NULL, NULL, '2020-12-10 00:11:13', '2020-12-10 00:11:13', NULL),
(341, '86.16', 'Harum quos corporis sed aut rerum.', NULL, '2020-12-10 00:11:13', '2020-12-10 00:11:13', NULL),
(342, '18.19', 'Autem aut consequatur harum mollitia.', NULL, '2020-12-10 00:11:13', '2020-12-10 00:11:13', NULL),
(343, '93.69', 'Et velit qui placeat dolorum omnis.', NULL, '2020-12-10 00:11:13', '2020-12-10 00:11:13', NULL),
(344, '90.73', NULL, NULL, '2020-12-10 00:11:13', '2020-12-10 00:11:13', NULL),
(345, '85.14', 'Sequi porro nam distinctio ducimus aperiam dolorem sapiente sapiente.', NULL, '2020-12-10 00:11:13', '2020-12-10 00:11:13', NULL),
(346, '24.02', 'Consequuntur blanditiis qui sapiente reiciendis placeat beatae.', NULL, '2020-12-10 00:11:13', '2020-12-10 00:11:13', NULL),
(347, '60.23', 'Accusamus quo quisquam et.', NULL, '2020-12-10 00:11:13', '2020-12-10 00:11:13', NULL),
(348, '54.58', NULL, NULL, '2020-12-10 00:11:13', '2020-12-10 00:11:13', NULL),
(349, '3.46', NULL, NULL, '2020-12-10 00:11:13', '2020-12-10 00:11:13', NULL),
(350, '61.26', NULL, NULL, '2020-12-10 00:11:13', '2020-12-10 00:11:13', NULL),
(351, '31.54', 'Et soluta esse cum quas soluta aspernatur.', NULL, '2020-12-10 00:11:13', '2020-12-10 00:11:13', NULL),
(352, '58.55', NULL, NULL, '2020-12-10 00:11:13', '2020-12-10 00:11:13', NULL),
(353, '60.11', NULL, NULL, '2020-12-10 00:11:13', '2020-12-10 00:11:13', NULL),
(354, '8.27', 'Ipsa et labore aut perferendis ipsam doloribus.', NULL, '2020-12-10 00:11:13', '2020-12-10 00:11:13', NULL),
(355, '80.25', 'Deleniti nostrum vel animi expedita nihil et expedita.', NULL, '2020-12-10 00:11:13', '2020-12-10 00:11:13', NULL),
(356, '53.81', 'Enim blanditiis quae mollitia et illum ratione placeat.', NULL, '2020-12-10 00:11:13', '2020-12-10 00:11:13', NULL),
(357, '61.10', 'Sit ratione perspiciatis maiores atque.', NULL, '2020-12-10 00:11:13', '2020-12-10 00:11:13', NULL),
(358, '49.90', 'Molestias rem quidem eum officiis deserunt laudantium qui.', NULL, '2020-12-10 00:11:13', '2020-12-10 00:11:13', NULL),
(359, '78.06', 'Omnis facilis voluptatem optio animi.', NULL, '2020-12-10 00:11:13', '2020-12-10 00:11:13', NULL),
(360, '42.15', NULL, NULL, '2020-12-10 00:11:13', '2020-12-10 00:11:13', NULL),
(361, '1.00', 'updated', 'A1-702', '2020-12-10 06:03:54', '2020-12-10 06:26:11', NULL);

CREATE TABLE `labs` (
  `id` varchar(255) COLLATE utf8_unicode_ci NOT NULL,
  `building` varchar(255) COLLATE utf8_unicode_ci NOT NULL,
  `room` smallint(6) NOT NULL,
  `note` text COLLATE utf8_unicode_ci DEFAULT NULL,
  `created_at` timestamp NULL DEFAULT NULL,
  `updated_at` timestamp NULL DEFAULT NULL,
  `deleted_at` timestamp NULL DEFAULT NULL
) ENGINE=InnoDB DEFAULT CHARSET=utf8 COLLATE=utf8_unicode_ci;

INSERT INTO `labs` (`id`, `building`, `room`, `note`, `created_at`, `updated_at`, `deleted_at`) VALUES
('1', '1', 400, NULL, '2020-12-21 21:27:19', '2020-12-26 01:42:19', '2020-12-26 01:42:19'),
('2', '2', 2, NULL, '2020-12-26 01:46:33', '2020-12-26 01:46:33', NULL),
('A1-701', 'A1', 701, 'Consectetur est hic consequuntur earum a.', '2020-12-10 00:10:21', '2020-12-26 01:42:20', '2020-12-26 01:42:20'),
('A1-702', 'A1', 702, 'Qui omnis veniam at voluptatem maxime.', '2020-12-10 00:10:21', '2020-12-26 01:42:20', '2020-12-26 01:42:20'),
('A1-703', 'A1', 703, NULL, '2020-12-10 00:10:21', '2020-12-26 01:42:21', '2020-12-26 01:42:21'),
('A1-704', 'A1', 704, 'Dolores quis ullam quam.', '2020-12-10 00:10:21', '2020-12-10 00:40:17', NULL),
('A1-801', 'A1', 801, NULL, '2020-12-10 00:10:21', '2020-12-10 00:40:18', NULL),
('A1-802', 'A1', 802, 'Voluptas praesentium beatae unde eum eos nihil.', '2020-12-10 00:10:21', '2020-12-10 00:40:18', NULL),
('A1-803', 'A1', 803, NULL, '2020-12-10 00:10:21', '2020-12-10 00:40:19', NULL),
('A1-804', 'A1', 804, 'Aut officiis molestiae a qui.', '2020-12-10 00:10:21', '2020-12-10 00:40:19', NULL),
('A1-901', 'A1', 901, NULL, '2020-12-10 00:10:21', '2020-12-10 00:40:20', NULL),
('A1-902', 'A1', 902, 'Et et rerum dolorum accusamus impedit.', '2020-12-10 00:10:21', '2020-12-10 00:40:20', NULL),
('A1-903', 'A1', 903, 'Molestias illum sit quia est sapiente voluptates facilis.', '2020-12-10 00:10:21', '2020-12-10 00:10:21', NULL),
('A1-904', 'A1', 904, 'Est doloribus et quod eius repellendus minima veritatis eum.', '2020-12-10 00:10:21', '2020-12-10 00:10:21', NULL),
('A10-600', 'A10', 600, 'new lab', '2020-12-10 06:35:00', '2020-12-10 06:35:00', NULL),
('A10-601', 'A10', 601, 'asd', '2020-12-10 06:42:47', '2020-12-10 06:42:47', NULL);

CREATE TABLE `migrations` (
  `id` int(10) UNSIGNED NOT NULL,
  `migration` varchar(255) COLLATE utf8_unicode_ci NOT NULL,
  `batch` int(11) NOT NULL
) ENGINE=InnoDB DEFAULT CHARSET=utf8 COLLATE=utf8_unicode_ci;

INSERT INTO `migrations` (`id`, `migration`, `batch`) VALUES
(1, '2020_11_21_1_create_subjects_table', 1),
(2, '2020_11_21_2_create_users_table', 2),
(3, '2020_11_21_3_create_labs_table', 3),
(4, '2020_11_21_4_create_the_classes_table', 4),
(5, '2020_11_21_5_create_computers_table', 5),
(6, '2020_11_21_6_create_schedules_table', 6);

CREATE TABLE `schedules` (
  `id` char(36) COLLATE utf8_unicode_ci NOT NULL,
  `user_id` varchar(255) COLLATE utf8_unicode_ci NOT NULL,
  `lab_id` varchar(255) COLLATE utf8_unicode_ci NOT NULL,
  `class_id` varchar(255) COLLATE utf8_unicode_ci DEFAULT NULL,
  `subject_id` varchar(255) COLLATE utf8_unicode_ci DEFAULT NULL,
  `startDate` datetime NOT NULL,
  `endDate` datetime NOT NULL,
  `allDay` tinyint(1) NOT NULL DEFAULT 0,
  `rRule` varchar(255) COLLATE utf8_unicode_ci DEFAULT NULL,
  `note` text COLLATE utf8_unicode_ci DEFAULT NULL,
  `pay` int(11) DEFAULT NULL,
  `created_at` timestamp NULL DEFAULT NULL,
  `updated_at` timestamp NULL DEFAULT NULL,
  `deleted_at` timestamp NULL DEFAULT NULL
) ENGINE=InnoDB DEFAULT CHARSET=utf8 COLLATE=utf8_unicode_ci;

INSERT INTO `schedules` (`id`, `user_id`, `lab_id`, `class_id`, `subject_id`, `startDate`, `endDate`, `allDay`, `rRule`, `note`, `pay`, `created_at`, `updated_at`, `deleted_at`) VALUES
('0517cd64-d468-47b6-933e-2d6a8805d1dd', 'NV-3000', 'A1-703', NULL, NULL, '2021-01-02 02:00:00', '2021-01-03 00:00:00', 0, 'RRULE:FREQ=DAILY;INTERVAL=1;COUNT=2', NULL, 150000, '2020-12-25 00:46:51', '2020-12-25 00:49:55', NULL),
('0732d199-4faa-4765-8011-94261bfb632a', 'GV-5410', 'A1-701', '2017CNTT01', 'IT6004', '2020-12-24 12:00:00', '2020-12-24 14:00:00', 0, 'RRULE:FREQ=WEEKLY;INTERVAL=1;COUNT=7;BYDAY=MO,TU,WE,TH,FR,SA,SU', NULL, NULL, '2020-12-25 00:11:32', '2020-12-25 00:11:32', NULL),
('35d43da6-2925-49bd-b56e-d22a107d3d59', 'NV-3000', 'A1-701', NULL, NULL, '2020-12-25 16:00:00', '2020-12-25 18:00:00', 0, 'RRULE:FREQ=DAILY;INTERVAL=1;UNTIL=20201231T074300Z', NULL, 100000, '2020-12-25 00:43:13', '2020-12-25 00:43:13', NULL),
('46bf5e95-9c99-4ec3-ba11-49d04e00a85d', 'GV-5410', 'A1-701', '2017CNTT01', 'IT6008', '2020-12-24 10:00:00', '2020-12-24 12:00:00', 0, NULL, NULL, NULL, '2020-12-24 23:58:29', '2020-12-25 10:22:48', '2020-12-25 10:22:48'),
('63bab83e-90e8-441f-a43e-0625bcc4cac4', 'GV-5410', 'A1-802', '2017CNTT02', 'IT6020', '2020-12-26 00:00:00', '2020-12-26 06:00:00', 0, 'RRULE:FREQ=WEEKLY;INTERVAL=1;COUNT=4;BYDAY=TU,WE,TH,SU', NULL, NULL, '2020-12-25 10:09:52', '2020-12-25 10:09:52', NULL),
('6d703d9e-13d5-4020-8598-a4ff4ccf3e31', 'NV-3000', 'A1-704', NULL, NULL, '2020-12-26 06:00:00', '2020-12-26 08:00:00', 0, NULL, NULL, 123, '2020-12-25 10:59:55', '2020-12-25 11:00:27', '2020-12-25 11:00:27'),
('91263d8d-425e-4156-b1e0-feb540085edc', 'GV-5410', 'A1-701', '2017CNTT01', 'IT6004', '2020-12-26 10:00:00', '2020-12-26 12:00:00', 0, NULL, NULL, NULL, '2020-12-24 23:58:42', '2020-12-25 10:23:28', '2020-12-25 10:23:28'),
('9f29f3cc-7e06-401f-a94e-c5c64302f95e', 'NV-3000', 'A1-801', NULL, NULL, '2020-12-28 06:00:00', '2020-12-28 10:00:00', 0, NULL, NULL, 50000, '2020-12-25 09:54:33', '2020-12-25 09:56:38', NULL),
('a4c5e8db-3632-4de0-92d4-850d289fc40a', 'NV-7800', 'A1-701', NULL, NULL, '2020-12-26 06:00:00', '2020-12-26 08:00:00', 0, NULL, NULL, 123, '2020-12-25 11:00:37', '2020-12-25 11:00:37', NULL);

CREATE TABLE `subjects` (
  `id` varchar(255) COLLATE utf8_unicode_ci NOT NULL,
  `name` varchar(255) COLLATE utf8_unicode_ci NOT NULL,
  `note` text COLLATE utf8_unicode_ci DEFAULT NULL,
  `created_at` timestamp NULL DEFAULT NULL,
  `updated_at` timestamp NULL DEFAULT NULL,
  `deleted_at` timestamp NULL DEFAULT NULL
) ENGINE=InnoDB DEFAULT CHARSET=utf8 COLLATE=utf8_unicode_ci;

INSERT INTO `subjects` (`id`, `name`, `note`, `created_at`, `updated_at`, `deleted_at`) VALUES
('IT6004', 'Công nghệ đa phương tiện', NULL, '2020-12-10 00:10:21', '2020-12-10 00:10:21', NULL),
('IT6005', 'Công nghệ thực tại ảo', NULL, '2020-12-10 00:10:21', '2020-12-10 00:10:21', NULL),
('IT6008', 'Đảm bảo chất lượng phần mềm', 'Vel minima maiores alias impedit officiis non quis nostrum.', '2020-12-10 00:10:21', '2020-12-10 00:10:21', NULL),
('IT6020', 'Lập trình Java nâng cao', 'Placeat temporibus dolores ea beatae qui ut provident.', '2020-12-10 00:10:21', '2020-12-10 00:10:21', NULL),
('IT6021', 'Lập trình Web bằng ASP.NET', 'Dolor nemo ratione voluptatem voluptatem commodi.', '2020-12-10 00:10:21', '2020-12-10 00:10:21', NULL),
('IT6022', 'Lập trình web bằng PHP', NULL, '2020-12-10 00:10:21', '2020-12-10 00:10:21', NULL),
('IT6024', 'Một số công nghệ phát triển phần mềm', 'Voluptas et at nulla assumenda.', '2020-12-10 00:10:21', '2020-12-10 00:10:21', NULL),
('IT6028', 'Phát triển ứng dụng Game', 'Non exercitationem optio facilis deserunt doloremque non laudantium.', '2020-12-10 00:10:21', '2020-12-10 00:10:21', NULL),
('IT6029', 'Phát triển ứng dụng trên thiết bị di động', NULL, '2020-12-10 00:10:21', '2020-12-10 00:10:21', NULL),
('IT6030', 'Phần mềm mã nguồn mở', NULL, '2020-12-10 00:10:21', '2020-12-10 00:10:21', NULL),
('IT6033', 'Quản lý dự án công nghệ thông tin', 'Ipsum necessitatibus quaerat sed quia quasi et.', '2020-12-10 00:10:21', '2020-12-10 00:10:21', NULL),
('IT6034', 'Tích hợp hệ thống phần mềm', 'Sed laboriosam labore iste nihil quo placeat.', '2020-12-10 00:10:21', '2020-12-10 00:10:21', NULL);

CREATE TABLE `the_classes` (
  `id` varchar(255) COLLATE utf8_unicode_ci NOT NULL,
  `name` varchar(255) COLLATE utf8_unicode_ci NOT NULL,
  `school_start` year(4) NOT NULL,
  `school_end` year(4) NOT NULL,
  `note` text COLLATE utf8_unicode_ci DEFAULT NULL,
  `created_at` timestamp NULL DEFAULT NULL,
  `updated_at` timestamp NULL DEFAULT NULL,
  `deleted_at` timestamp NULL DEFAULT NULL
) ENGINE=InnoDB DEFAULT CHARSET=utf8 COLLATE=utf8_unicode_ci;

INSERT INTO `the_classes` (`id`, `name`, `school_start`, `school_end`, `note`, `created_at`, `updated_at`, `deleted_at`) VALUES
('2017CNTT01', 'Công nghệ thông tin', 2017, 2021, 'Corrupti cupiditate molestiae enim iste ut.', '2020-12-10 00:10:21', '2020-12-10 00:10:21', NULL),
('2017CNTT02', 'Công nghệ thông tin', 2017, 2021, 'Aliquid at error explicabo quibusdam aut.', '2020-12-10 00:10:21', '2020-12-10 00:10:21', NULL),
('2017CNTT03', 'Công nghệ thông tin', 2017, 2021, 'Harum pariatur ea aut ullam sit quasi.', '2020-12-10 00:10:21', '2020-12-10 00:10:21', NULL),
('2017HTMT01', 'Hệ thống máy tính', 2017, 2021, 'Blanditiis nemo eum consequatur ullam ipsa neque.', '2020-12-10 00:10:21', '2020-12-10 00:10:21', NULL),
('2017HTMT02', 'Hệ thống máy tính', 2017, 2021, 'Doloribus harum ut ipsam quibusdam.', '2020-12-10 00:10:21', '2020-12-10 00:10:21', NULL),
('2017HTMT03', 'Hệ thống máy tính', 2017, 2021, 'Quae sint et quia rerum voluptate qui porro.', '2020-12-10 00:10:21', '2020-12-10 00:10:21', NULL),
('2017KHMT01', 'Khoa học máy tính', 2017, 2021, 'Quia qui eaque tenetur aspernatur eveniet natus quod.', '2020-12-10 00:10:21', '2020-12-10 00:10:21', NULL),
('2017KHMT02', 'Khoa học máy tính', 2017, 2021, 'Neque voluptas quaerat corrupti doloremque.', '2020-12-10 00:10:21', '2020-12-10 00:10:21', NULL),
('2017KHMT03', 'Khoa học máy tính', 2017, 2021, 'Dolorem et in provident quibusdam quibusdam aut debitis.', '2020-12-10 00:10:21', '2020-12-10 00:10:21', NULL),
('2017KTPM01', 'Kỹ thuật phần mềm', 2017, 2021, 'Sit eius nisi ducimus alias dolor et.', '2020-12-10 00:10:21', '2020-12-10 00:10:21', NULL),
('2017KTPM02', 'Kỹ thuật phần mềm', 2017, 2021, 'Aut et vel sed alias totam iure et.', '2020-12-10 00:10:21', '2020-12-10 00:10:21', NULL),
('2017KTPM03', 'Kỹ thuật phần mềm', 2017, 2021, 'Omnis facilis quis eveniet voluptatum rerum.', '2020-12-10 00:10:21', '2020-12-10 00:10:21', NULL);

CREATE TABLE `users` (
  `id` varchar(255) COLLATE utf8_unicode_ci NOT NULL,
  `full_name` varchar(255) COLLATE utf8_unicode_ci NOT NULL,
  `email` varchar(255) COLLATE utf8_unicode_ci NOT NULL,
  `password` varchar(255) COLLATE utf8_unicode_ci NOT NULL,
  `role` enum('Admin','Employeer','Teacher') COLLATE utf8_unicode_ci NOT NULL,
  `created_at` timestamp NULL DEFAULT NULL,
  `updated_at` timestamp NULL DEFAULT NULL,
  `deleted_at` timestamp NULL DEFAULT NULL
) ENGINE=InnoDB DEFAULT CHARSET=utf8 COLLATE=utf8_unicode_ci;

INSERT INTO `users` (`id`, `full_name`, `email`, `password`, `role`, `created_at`, `updated_at`, `deleted_at`) VALUES
('GV-5410', 'Nguyễn Văn A', 'teacher@email.com', '$2y$10$W5enH50Y6GXz45NMyPpkIecboWBCJm8he5.LfqzwSeqkxZT6LI6Ge', 'Teacher', '2020-12-10 00:10:22', '2020-12-10 00:25:42', NULL),
('NV-3000', 'Nguyễn Văn B', 'nvemail@email.com', '$2y$10$Lqv0ZOK4ed1HTdli8TqsC.kkpEy2q0NgKzfNV2xFIMEg5ug90TlWe', 'Employeer', '2020-12-21 21:52:46', '2020-12-21 22:16:37', NULL),
('NV-7800', 'Nguyễn Văn C', 'employeer@email.com', '$2y$10$.MoMnNpWWsFQJVki6y1D/.XQFUF7ar/i0fcp9FocMbjr4mnufHvTW', 'Employeer', '2020-12-10 00:10:22', '2020-12-10 00:26:05', NULL),
('QL-0001', 'Nguyễn Văn D', 'admin@email.com', '$2y$10$CGLKscZG8tinSNBGTuGQ4.Ts24Ue0hrnDF3XwzdnC.yokSSBpkMZC', 'Admin', '2020-12-10 00:10:22', '2020-12-10 00:25:53', NULL);


ALTER TABLE `computers`
  ADD PRIMARY KEY (`id`),
  ADD KEY `computers_lab_id_foreign` (`lab_id`);

ALTER TABLE `labs`
  ADD PRIMARY KEY (`id`);

ALTER TABLE `migrations`
  ADD PRIMARY KEY (`id`);

ALTER TABLE `schedules`
  ADD PRIMARY KEY (`id`),
  ADD KEY `schedules_user_id_foreign` (`user_id`),
  ADD KEY `schedules_lab_id_foreign` (`lab_id`),
  ADD KEY `schedules_class_id_foreign` (`class_id`),
  ADD KEY `schedules_subject_id_foreign` (`subject_id`);

ALTER TABLE `subjects`
  ADD PRIMARY KEY (`id`);

ALTER TABLE `the_classes`
  ADD PRIMARY KEY (`id`);

ALTER TABLE `users`
  ADD PRIMARY KEY (`id`),
  ADD UNIQUE KEY `users_email_unique` (`email`);


ALTER TABLE `computers`
  MODIFY `id` bigint(20) UNSIGNED NOT NULL AUTO_INCREMENT, AUTO_INCREMENT=362;

ALTER TABLE `migrations`
  MODIFY `id` int(10) UNSIGNED NOT NULL AUTO_INCREMENT, AUTO_INCREMENT=7;


ALTER TABLE `computers`
  ADD CONSTRAINT `computers_lab_id_foreign` FOREIGN KEY (`lab_id`) REFERENCES `labs` (`id`) ON DELETE CASCADE ON UPDATE CASCADE;

ALTER TABLE `schedules`
  ADD CONSTRAINT `schedules_class_id_foreign` FOREIGN KEY (`class_id`) REFERENCES `the_classes` (`id`) ON DELETE CASCADE ON UPDATE CASCADE,
  ADD CONSTRAINT `schedules_lab_id_foreign` FOREIGN KEY (`lab_id`) REFERENCES `labs` (`id`) ON DELETE CASCADE ON UPDATE CASCADE,
  ADD CONSTRAINT `schedules_subject_id_foreign` FOREIGN KEY (`subject_id`) REFERENCES `subjects` (`id`) ON DELETE CASCADE ON UPDATE CASCADE,
  ADD CONSTRAINT `schedules_user_id_foreign` FOREIGN KEY (`user_id`) REFERENCES `users` (`id`) ON DELETE CASCADE ON UPDATE CASCADE;
COMMIT;

/*!40101 SET CHARACTER_SET_CLIENT=@OLD_CHARACTER_SET_CLIENT */;
/*!40101 SET CHARACTER_SET_RESULTS=@OLD_CHARACTER_SET_RESULTS */;
/*!40101 SET COLLATION_CONNECTION=@OLD_COLLATION_CONNECTION */;
